<?xml version="1.0" encoding="UTF-8"?>
<metadata xml:lang="en"><Esri><CreaDate>20230626</CreaDate><CreaTime>15380400</CreaTime><ArcGISFormat>1.0</ArcGISFormat><SyncOnce>TRUE</SyncOnce><DataProperties><lineage><Process ToolSource="c:\program files\arcgis\pro\Resources\ArcToolbox\Toolboxes\Data Management Tools.tbx\Rename" Date="20230626" Time="153804">Rename C:\Users\mmane\Documents\ArcGIS\Projects\Banggai\Export_Output_2.shp C:\Users\mmane\Documents\ArcGIS\Projects\Banggai\Survey_point.shp ShapeFile</Process></lineage></DataProperties></Esri></metadata>
